Column,Residue,Total
0,S291*,-5.7
0,M292*,-2.45
0,P293*,-1.61
0,Q40*,-4.0
0,I56,-1.16
0,N53,-8.42
0,V52,-2.0
0,T49,-4.029999999999999
0,D46,-3.2
0,I45,-5.83
0,Q42,-7.6499999999999995
0,T41,-2.64
0,K38,-3.7199999999999998
0,H38*,-4.12
0,H18*,-1.03
0,T318*,-1.3
0,W21,-3.3899999999999997
0,G20,-2.17
0,D19,-5.51
1,F74,-6.99
1,D73,-1.48
1,D72,-3.84
,,
1,G27,-2.14
1,P28,-2.6399999999999997
1,F29,-9.98
1,R30,-1.19
1,S31,-7.530000000000001
,,
1,P52A,-1.11
1,I53,-5.83
1,F54,-6.609999999999999
,,
1,G97,-2.07
1,Y98,-14.39
1,Q99,-4.13
