Column,Residue,Total
0,S291*,-1.05
0,I42*,-1.56
0,I56,-1.22
0,V48,-1.06
0,K38,0.6499999999999999
0,H38*,0.5499999999999998
0,H18*,-1.03
0,W21,-2.15
0,G20,-2.17
0,D19,0.8700000000000001
1,A75,-1.05
1,F74,-2.7800000000000002
,,
,,
1,I53,-1.06
1,A54,-3.72
,,
1,Y98,-0.20999999999999996
1,Q99,0.6499999999999999
